price,volume,type
207100.00000001,0.0221,sell
207165.0,0.328,sell
207273.0,0.328,sell
207352.0,0.499,sell
207550.99,0.017,sell
207634.97690286,0.56602438,sell
207634.98224142,0.56602438,sell
207634.98757,0.245,sell
207638.33,0.183,sell
207638.34,9.99e-06,sell
207648.34,9.99e-06,sell
207658.34,9.99e-06,sell
207668.34,9.99e-06,sell
207678.34,9.99e-06,sell
207688.34,9.99e-06,sell
207698.34,9.99e-06,sell
207708.34,9.99e-06,sell
207718.34,9.99e-06,sell
207728.34,9.99e-06,sell
207733.91,0.001,sell
207738.34,9.99e-06,sell
207748.34,9.99e-06,sell
207758.34,9.99e-06,sell
207768.34,9.99e-06,sell
207778.34,9.99e-06,sell
207788.34,9.99e-06,sell
207798.34,9.99e-06,sell
207808.34,9.99e-06,sell
207818.34,9.99e-06,sell
207828.34,9.99e-06,sell
207838.34,9.99e-06,sell
207848.34,9.99e-06,sell
207858.34,9.99e-06,sell
207868.34,9.99e-06,sell
207878.34,9.99e-06,sell
207888.34,9.99e-06,sell
207898.34,9.99e-06,sell
207908.34,9.99e-06,sell
207918.34,9.99e-06,sell
207928.34,9.99e-06,sell
207938.34,9.99e-06,sell
207948.34,9.99e-06,sell
207958.34,9.99e-06,sell
207968.34,9.99e-06,sell
207978.34,9.99e-06,sell
207988.34,9.99e-06,sell
207998.34,9.99e-06,sell
208000.0,0.0002404,sell
208008.34,9.99e-06,sell
208018.34,9.99e-06,sell
208464.67,0.03741098,sell
208468.0,1.668,sell
209000.0,0.000957,sell
209001.31,0.01218085,sell
209533.0,1.012,sell
209853.99,0.02605126,sell
210000.0,0.01606483,sell
210599.9,0.04075849,sell
210935.74153,2.949e-05,sell
210987.45,0.00273671,sell
211193.0,0.687,sell
212000.0,0.00485428,sell
212200.0,0.38804378,sell
212226.0,0.328,sell
212248.0,1.045e-05,sell
213000.0,0.04442753,sell
213558.2,0.00025079,sell
214000.0,0.01911658,sell
214309.0,1.045e-05,sell
214500.0,0.1,sell
214997.0,0.25806702,sell
215000.0,0.30759009,sell
215034.45,0.00096026,sell
215154.45636,2.937e-05,sell
215656.0,0.0001,sell
216000.0,0.14690797,sell
216369.0,1.045e-05,sell
216372.0,1.026e-05,sell
216506.0,2.05e-05,sell
217000.0,0.00539476,sell
217019.53564,0.00851555,sell
217019.61849,0.00011802,sell
217500.0,0.0967384,sell
217899.0,0.007,sell
218000.0,0.22078486,sell
218000.01,0.0024,sell
218003.84,0.00025346,sell
218014.93,0.10507572,sell
218200.0,0.01192775,sell
218299.0,0.004,sell
218333.33,0.001,sell
218361.21,0.03133,sell
218430.0,1.045e-05,sell
218472.0,1.026e-05,sell
218608.0,2.05e-05,sell
218800.0,0.0109835,sell
218906.0,0.00604326,sell
219000.0,0.03206927,sell
219000.11,3.523e-05,sell
219039.0,9.714e-05,sell
219200.0,0.0006,sell
219254.11,0.001,sell
219300.0,0.00045794,sell
219499.0,0.02243156,sell
219500.0,0.01056497,sell
219899.99,0.00398921,sell
219999.0,0.05,sell
220000.0,2.15274442,sell
220000.83,0.027083,sell
220291.77,0.02603656,sell
220352.01,9.268e-05,sell
220499.0,0.00515933,sell
220573.0,1.026e-05,sell
220710.0,1.025e-05,sell
220777.77,0.00057604,sell
220823.25,7.65e-06,sell
220966.32681,0.01677088,sell
220986.53,0.00079,sell
220998.0,0.0007,sell
221000.0,0.68339897,sell
221000.01,9.82e-06,sell
221100.01,1e-05,sell
221184.0,3.096e-05,sell
221200.01,1e-05,sell
221300.01,1e-05,sell
221400.01,1e-05,sell
221420.0,0.00256421,sell
221500.01,1e-05,sell
221574.59,0.00022725,sell
221585.39,0.0002615,sell
221599.9999,4.6e-06,sell
221600.0,0.002601,sell
221671.32,2.888e-05,sell
221699.9999,4.6e-06,sell
221700.0,0.02200108,sell
221771.32,2.888e-05,sell
221777.74,0.00067573,sell
221799.9999,4.6e-06,sell
221871.32,2.888e-05,sell
221899.9999,4.6e-06,sell
221900.89,0.00051709,sell
221971.32,2.888e-05,sell
221987.65,0.023,sell
221998.0,0.0008,sell
221999.9999,4.6e-06,sell
222000.0,0.31130998,sell
222045.55,0.00680168,sell
222071.32,5.776e-05,sell
222080.0,0.018,sell
222099.9999,4.6e-06,sell
222100.0,0.025,sell
222158.5,6e-05,sell
222199.9999,4.6e-06,sell
222200.0,0.00126678,sell
222222.22,0.06329259,sell
222298.0,0.01016486,sell
222299.9999,4.6e-06,sell
222399.9999,4.55e-06,sell
222499.9999,4.55e-06,sell
222500.0,0.23563732,sell
222550.0,3.18e-05,sell
222555.55,0.00016637,sell
222599.0,0.00573695,sell
222599.9999,4.55e-06,sell
222699.9999,4.55e-06,sell
222709.83,0.00060476,sell
222767.79,0.00017544,sell
222799.9999,4.55e-06,sell
222899.9999,4.55e-06,sell
222900.0,2.493e-05,sell
222980.50023,2.789e-05,sell
222998.0,0.0008,sell
222999.9999,4.55e-06,sell
223000.0,0.22891652,sell
223044.56,0.00536851,sell
223084.57,0.00015487,sell
223099.9999,4.55e-06,sell
223199.9999,4.55e-06,sell
223279.99,9.272e-05,sell
223299.9999,4.55e-06,sell
223300.0,0.0017475,sell
223333.33,0.00010763,sell
223345.5432,0.00144127,sell
223399.9999,4.55e-06,sell
223499.9999,4.55e-06,sell
223500.0,0.0029934,sell
223582.0,0.0038,sell
223585.0,0.00460309,sell
223599.9999,4.55e-06,sell
223646.29669,2.826e-05,sell
223699.9999,4.55e-06,sell
223700.11,0.00010302,sell
223734.0885,2.874e-05,sell
223775.0,0.00453219,sell
223799.9999,4.55e-06,sell
223800.08,0.00099,sell
223861.94879,2.921e-05,sell
223899.9999,4.55e-06,sell
223999.9999,4.52e-06,sell
224000.0,0.09730838,sell
224017.0,0.05,sell
224099.9999,4.52e-06,sell
224199.9999,4.52e-06,sell
224212.15,0.0015,sell
224299.9999,4.52e-06,sell
224311.25146,2.818e-05,sell
224399.9999,4.52e-06,sell
224499.9999,4.52e-06,sell
224500.0,0.005,sell
224567.89,0.00022546,sell
224599.9999,4.52e-06,sell
224600.0,0.0265,sell
224699.9999,4.52e-06,sell
224700.0,0.0225,sell
224783.62237,2.767e-05,sell
224799.9999,4.52e-06,sell
224899.9999,4.52e-06,sell
224900.0,0.03383761,sell
224950.0,0.0002991,sell
224998.0,0.0008,sell
224999.77,0.00186467,sell
224999.99,0.00247537,sell
224999.9999,4.5e-06,sell
225000.0,1.38054082,sell
225008.8,0.000445,sell
225095.2875,8.08e-05,sell
225099.9999,4.5e-06,sell
225199.9999,4.5e-06,sell
225268.06,0.000314,sell
225299.9999,4.5e-06,sell
225333.0,0.00010616,sell
225340.0,0.00306428,sell
225399.9999,4.5e-06,sell
225499.9999,4.5e-06,sell
225500.0,7.267e-05,sell
225599.9999,4.5e-06,sell
225699.9999,4.5e-06,sell
225799.9999,4.5e-06,sell
225800.0,0.021,sell
225856.7,0.00043529,sell
225899.9999,4.48e-06,sell
225945.0,0.08097871,sell
225990.0,0.153,sell
225999.9999,4.48e-06,sell
226000.0,0.06091659,sell
226099.9999,4.48e-06,sell
226100.0,0.00897946,sell
226199.9999,4.48e-06,sell
226299.9999,4.48e-06,sell
226399.9999,4.48e-06,sell
226499.9999,4.48e-06,sell
226599.9999,4.48e-06,sell
226699.9999,4.48e-06,sell
226736.8,0.005513,sell
226799.9999,4.48e-06,sell
226899.9999,4.48e-06,sell
226998.0,0.0008,sell
226999.9999,4.48e-06,sell
227000.0,0.01300752,sell
227099.9999,4.48e-06,sell
227199.9999,4.48e-06,sell
227299.9999,4.48e-06,sell
227399.9999,4.48e-06,sell
227499.9999,4.45e-06,sell
227500.0,0.005,sell
227501.35,0.00010112,sell
227553.0,0.00208,sell
227599.9999,4.45e-06,sell
227699.9999,4.45e-06,sell
227777.77,0.00389373,sell
227799.9999,4.45e-06,sell
227899.9999,4.45e-06,sell
227947.2,0.00010995,sell
227999.9999,4.45e-06,sell
228000.0,0.19942167,sell
228000.08,0.008937,sell
228099.9999,4.45e-06,sell
228199.9999,4.45e-06,sell
228299.9999,4.45e-06,sell
228300.0,0.0283,sell
228399.9999,4.45e-06,sell
228499.9999,4.45e-06,sell
228500.0,0.0002088,sell
228599.9999,4.45e-06,sell
228699.9999,4.45e-06,sell
228799.9999,4.45e-06,sell
228805.0,0.00022796,sell
228888.0,0.00025,sell
228899.9999,4.45e-06,sell
228900.0,0.09682393,sell
228950.0,0.0049,sell
228996.66,0.00025689,sell
228998.0,0.0019,sell
228998.98,0.00024925,sell
228999.9999,4.45e-06,sell
229000.0,0.05974977,sell
229000.0001,9.28e-06,sell
229099.9999,4.45e-06,sell
229100.0,0.00206072,sell
229199.9999,4.45e-06,sell
229214.3854,0.002991,sell
229239.95,0.00353699,sell
229299.9999,4.45e-06,sell
229399.9999,4.45e-06,sell
229450.0,0.0012,sell
229498.98,0.00040161,sell
229499.9999,4.45e-06,sell
229500.0,0.035,sell
229550.0,0.00071805,sell
229599.9999,4.45e-06,sell
229600.0,0.00037597,sell
229699.9999,4.45e-06,sell
229773.44,0.000155,sell
229779.0,0.00022007,sell
229799.9999,4.45e-06,sell
229800.0,0.00244387,sell
229850.0,0.11158,sell
229877.77,0.00282012,sell
229898.9,0.003,sell
229899.9999,4.45e-06,sell
229919.99,2.21e-05,sell
229950.0,0.62435469,sell
229958.66,0.00098765,sell
229987.3171,0.01,sell
229995.66,0.00101489,sell
229998.0,0.27558244,sell
229999.0,0.00723822,sell
229999.9999,0.00014133,sell
230000.0,1.1651121,sell
230034.82156,0.00032254,sell
230058.0,0.00020005,sell
230099.9999,4.4e-06,sell
230100.0,0.14178634,sell
230199.9999,4.4e-06,sell
230215.64,2.277e-05,sell
230299.9999,4.4e-06,sell
230399.9999,4.4e-06,sell
230441.2,5.104e-05,sell
230499.9999,4.39e-06,sell
230500.0,4e-05,sell
230550.0,0.00017123,sell
230599.9999,4.39e-06,sell
230699.9999,4.39e-06,sell
230759.99,0.01,sell
230799.9999,4.39e-06,sell
230899.9999,4.39e-06,sell
230999.99,0.0100475,sell
230999.9999,4.39e-06,sell
231000.0,0.07494743,sell
231099.9999,4.39e-06,sell
231190.0,0.0456,sell
231199.9999,4.39e-06,sell
231299.9999,4.39e-06,sell
231399.9999,4.39e-06,sell
231499.9999,4.39e-06,sell
231500.0,0.01766538,sell
231599.9999,4.39e-06,sell
231697.08,0.00538104,sell
231699.9999,4.39e-06,sell
231799.9999,4.39e-06,sell
231899.9999,4.39e-06,sell
231999.9999,4.39e-06,sell
232000.0,0.10050366,sell
232099.9999,4.39e-06,sell
232198.99,0.00012254,sell
232199.9999,4.39e-06,sell
232200.0,8.608e-05,sell
232222.22,0.0003,sell
232263.23,0.000245,sell
232299.9999,4.39e-06,sell
232399.9999,4.39e-06,sell
232499.9999,4.39e-06,sell
232500.0,0.0216938,sell
232500.99,0.0019,sell
232599.9999,4.35e-06,sell
232699.9999,4.35e-06,sell
232799.9999,4.35e-06,sell
232899.9999,4.35e-06,sell
232999.9999,4.35e-06,sell
233000.0,0.07889576,sell
233009.0,0.01,sell
233058.61,2.184e-05,sell
233099.9999,4.35e-06,sell
233199.9999,4.35e-06,sell
233200.0,1e-05,sell
233299.9999,4.35e-06,sell
233300.0,0.0004014,sell
233333.33,0.0001,sell
233399.9999,4.35e-06,sell
233499.9999,4.35e-06,sell
233542.16,0.00398657,sell
233590.0,0.0472736,sell
233599.9999,4.35e-06,sell
233699.9999,4.35e-06,sell
233789.99,0.00455669,sell
233799.9999,4.35e-06,sell
233899.9999,4.35e-06,sell
233999.9999,4.35e-06,sell
234000.0,0.01754338,sell
234099.9999,4.35e-06,sell
234199.9999,4.32e-06,sell
234299.9999,4.32e-06,sell
234348.88287,2.654e-05,sell
234399.9999,4.32e-06,sell
234401.0,0.00028626,sell
234450.0,0.00475569,sell
234499.9999,4.32e-06,sell
234500.0,0.02197003,sell
234512.47,0.0033,sell
234567.89,0.00083907,sell
234577.51719,0.0001143,sell
234599.9999,4.32e-06,sell
234600.0,0.05,sell
234699.9999,4.32e-06,sell
234799.9999,4.32e-06,sell
234899.9999,4.32e-06,sell
234998.0,0.02325,sell
234999.0,0.00042296,sell
234999.9999,4.32e-06,sell
235000.0,0.34571609,sell
235072.13,0.0055533,sell
235085.0,0.0056,sell
235090.909,5e-05,sell
235099.9999,4.32e-06,sell
235199.9999,4.32e-06,sell
235299.9999,4.32e-06,sell
235399.9999,4.32e-06,sell
235439.01594,0.00017617,sell
235499.9999,4.32e-06,sell
235500.4,0.00026552,sell
235599.9999,4.32e-06,sell
235699.9999,4.32e-06,sell
235743.04219,0.00021998,sell
235799.9999,4.32e-06,sell
235894.48918,0.00014135,sell
235899.9999,4.29e-06,sell
235963.53,0.00021476,sell
235999.0,0.02815896,sell
235999.9999,1.2e-05,sell
236000.0,0.03549665,sell
236099.9999,1.429e-05,sell
236199.9999,1.429e-05,sell
236272.0,0.0059,sell
236299.9999,1.429e-05,sell
236317.0,0.00087171,sell
236399.9999,1.429e-05,sell
236499.9999,1.429e-05,sell
236500.0,0.0004,sell
236599.9999,1.429e-05,sell
236666.02,0.01063,sell
236699.9999,1.429e-05,sell
236700.0,0.00145124,sell
236799.9999,1.429e-05,sell
236899.9999,1.429e-05,sell
236999.9999,1.429e-05,sell
237000.0,0.02202496,sell
237001.17,0.00199537,sell
237099.9999,1.429e-05,sell
237111.26,0.00149666,sell
237156.26,0.00598849,sell
237199.9999,1.429e-05,sell
237200.0,0.00089987,sell
237299.9999,1.429e-05,sell
237399.9999,1.429e-05,sell
237499.9999,1.429e-05,sell
237599.9999,1.429e-05,sell
237699.9999,1.429e-05,sell
237798.09,0.0002655,sell
237799.9999,1.429e-05,sell
237880.0,0.001,sell
237899.9999,1.429e-05,sell
237999.9999,1.429e-05,sell
238000.0,0.04314677,sell
238099.9999,1.425e-05,sell
238100.0,0.00460338,sell
238199.9999,1.425e-05,sell
238299.9999,1.425e-05,sell
238399.9999,1.425e-05,sell
238499.9999,1.425e-05,sell
238599.9999,1.425e-05,sell
238644.0,0.00973666,sell
238699.9999,1.425e-05,sell
238710.0,0.00033219,sell
238799.9999,1.425e-05,sell
238880.0,0.0153,sell
238894.996,0.00020048,sell
238899.9999,1.425e-05,sell
238910.27686,0.00204912,sell
238998.0,0.0029,sell
238999.9999,1.425e-05,sell
239000.0,0.00543666,sell
239099.9999,1.425e-05,sell
239199.9999,1.425e-05,sell
239299.9999,1.425e-05,sell
239399.9999,1.425e-05,sell
239456.41,0.00060602,sell
239471.27,0.0005,sell
239495.12586,0.0004329,sell
239499.9999,1.425e-05,sell
239500.0,0.0001,sell
239552.45914,0.00150199,sell
239599.9999,1.425e-05,sell
239699.9999,1.422e-05,sell
239799.9999,1.422e-05,sell
239862.1,0.0001,sell
239876.54,0.0019,sell
239899.9999,1.422e-05,sell
239998.95,0.1,sell
239999.91,0.001184,sell
239999.99,0.00248513,sell
239999.9999,1.422e-05,sell
240000.0,0.43996667,sell
240000.8,0.00022652,sell
240099.9999,1.422e-05,sell
240199.9999,1.422e-05,sell
240250.0,0.00043403,sell
240281.12,0.0002,sell
240299.9999,1.422e-05,sell
240399.9999,1.422e-05,sell
240499.9999,1.422e-05,sell
240500.0,0.03162839,sell
240599.9999,1.422e-05,sell
240612.56,4.251e-05,sell
240699.9999,1.422e-05,sell
240799.9999,1.422e-05,sell
240899.9999,1.844e-05,sell
240999.9999,1.42e-05,sell
241000.0,0.0064106,sell
241000.17,0.00299297,sell
241001.0,0.00117022,sell
241050.0,0.00098015,sell
241099.9999,1.42e-05,sell
241100.13,6.994e-05,sell
241199.9999,1.42e-05,sell
241299.9999,1.42e-05,sell
241399.9999,1.42e-05,sell
241443.32,0.00441821,sell
241499.9999,1.42e-05,sell
241500.0,0.09901977,sell
241599.9999,1.42e-05,sell
241600.0,0.00021671,sell
241680.0,0.00083486,sell
241699.9999,1.42e-05,sell
241799.9999,1.42e-05,sell
241899.9999,1.42e-05,sell
241999.9999,1.42e-05,sell
242000.0,0.06894805,sell
242023.11,0.0057986,sell
242083.5768,0.0001,sell
242099.9999,1.42e-05,sell
242199.9999,1.42e-05,sell
242233.0,0.00042521,sell
242299.9999,1.42e-05,sell
242399.9999,1.42e-05,sell
242494.99,0.00051187,sell
242499.9999,1.42e-05,sell
242500.0,0.02313591,sell
242509.87,0.00062525,sell
242550.99,0.00046015,sell
242599.9999,1.42e-05,sell
242622.22,0.00417877,sell
242657.62,0.0001629,sell
242699.9999,1.417e-05,sell
242799.9999,1.417e-05,sell
242802.86,0.0025,sell
242899.9999,1.417e-05,sell
242999.99,0.00144941,sell
242999.9999,1.417e-05,sell
243000.0,0.00362435,sell
243001.26,0.00332389,sell
243099.9999,1.417e-05,sell
243199.9999,1.417e-05,sell
243299.9999,1.417e-05,sell
243300.0,0.00060544,sell
243399.9999,1.417e-05,sell
243455.15222,0.03208531,sell
243499.9999,1.417e-05,sell
243526.0,0.0009211,sell
243567.89,0.00083907,sell
243599.9999,1.417e-05,sell
243614.31,0.00044844,sell
243652.5,0.00421504,sell
243699.9999,1.417e-05,sell
243799.9999,1.417e-05,sell
243899.9999,1.417e-05,sell
243900.0,0.00292891,sell
243999.9999,1.417e-05,sell
244000.0,0.02495049,sell
244099.9999,1.417e-05,sell
244199.9999,1.417e-05,sell
244299.9999,1.417e-05,sell
244399.9999,1.417e-05,sell
244400.0,0.00039829,sell
244400.27,0.0005,sell
244444.44,0.00194593,sell
244499.9999,1.417e-05,sell
244532.0,0.004,sell
244599.9999,1.417e-05,sell
244600.0,0.05,sell
244615.62,0.00024187,sell
244699.9999,1.417e-05,sell
244799.9999,1.417e-05,sell
244876.54,0.0019,sell
244899.9999,1.417e-05,sell
244998.0,0.003,sell
244999.9999,1.413e-05,sell
245000.0,0.7012805,sell
245000.15,0.0002,sell
245099.9999,1.413e-05,sell
245199.9999,1.413e-05,sell
245299.9999,1.413e-05,sell
245375.57,0.009,sell
245399.9999,1.413e-05,sell
245424.1,0.0018764,sell
245499.9999,1.413e-05,sell
245555.05,0.05250603,sell
245555.55,0.0011,sell
245599.9999,1.413e-05,sell
245645.58,0.004,sell
245680.0,0.000665,sell
245699.9999,1.413e-05,sell
245778.9055,0.00069002,sell
245799.9999,1.413e-05,sell
245888.8,0.00017307,sell
245898.0,0.00736329,sell
245899.9999,1.413e-05,sell
245999.9999,1.413e-05,sell
246000.0,0.81919455,sell
246099.9999,1.413e-05,sell
246199.9999,1.413e-05,sell
246299.9999,1.413e-05,sell
246399.9999,1.413e-05,sell
246499.9999,1.413e-05,sell
246510.0,6.141e-05,sell
246599.9999,1.413e-05,sell
246699.9999,1.413e-05,sell
246799.9999,1.41e-05,sell
246899.9999,1.41e-05,sell
246960.0,0.0045,sell
246963.0,0.0033,sell
246999.9999,1.41e-05,sell
247000.0,0.000865,sell
247099.9999,1.41e-05,sell
247170.17,0.00997602,sell
247199.9999,1.41e-05,sell
247200.0,0.0010144,sell
247299.9999,1.41e-05,sell
247313.13,0.00364937,sell
247399.9999,1.41e-05,sell
247499.9999,1.41e-05,sell
247511.61,4.252e-05,sell
247599.9999,1.41e-05,sell
247699.9999,1.41e-05,sell
247799.9999,1.41e-05,sell
247831.26,0.00120761,sell
247899.9999,1.41e-05,sell
247999.9999,1.408e-05,sell
248000.0,0.33041117,sell
248099.9999,1.408e-05,sell
248199.9999,1.408e-05,sell
248299.9999,1.408e-05,sell
248399.9999,1.408e-05,sell
248499.9999,1.408e-05,sell
248500.0,0.094304,sell
248599.9999,1.408e-05,sell
248699.9999,1.408e-05,sell
248799.9999,1.408e-05,sell
248880.0,0.1,sell
248899.9999,1.408e-05,sell
248900.0,0.03247194,sell
248998.0,0.003,sell
248999.9999,1.408e-05,sell
249000.0,0.08166173,sell
249000.08,3.698e-05,sell
249099.9999,1.408e-05,sell
249199.9999,1.406e-05,sell
249299.9999,4.676e-05,sell
249399.9999,0.00010406,sell
249499.9999,0.00010406,sell
249509.999,0.0001,sell
249560.0,0.0001,sell
249599.9999,0.00010406,sell
249667.0,0.02,sell
249699.9999,0.00010406,sell
249700.0,0.00150228,sell
249799.9999,0.00010406,sell
249800.0,0.001,sell
249874.56,0.17217494,sell
249876.54,0.0019,sell
249895.0,0.005,sell
249899.9999,0.00010406,sell
249900.0,0.11800465,sell
249998.0,1.003,sell
249999.0,0.00283716,sell
249999.9999,0.00010406,sell
250000.0,2.62683189,sell
250000.07,0.01011525,sell
250000.08,0.00060383,sell
250008.15,1.629e-05,sell
250088.88,0.04416423,sell
250099.9999,4.06e-06,sell
250199.9999,4.06e-06,sell
250222.22,0.00025378,sell
250299.9999,4.04e-06,sell
250364.43,0.00044685,sell
250399.9999,4.04e-06,sell
250439.79131,0.15116624,sell
250499.9999,4.04e-06,sell
250500.0,0.00866465,sell
250538.34,0.00026795,sell
250555.0,0.00078238,sell
250599.9999,4.04e-06,sell
250699.9999,4.04e-06,sell
250799.9999,4.04e-06,sell
250805.0,0.0013,sell
250899.9999,4.04e-06,sell
250965.88,0.00110061,sell
250980.01,0.0051,sell
250999.9999,0.00010404,sell
251000.0,0.01220975,sell
251068.86,0.00181,sell
251099.9999,4.04e-06,sell
251199.9999,4.04e-06,sell
251299.9999,4.04e-06,sell
251360.0,0.00641302,sell
251399.9999,4.04e-06,sell
251499.9999,4.04e-06,sell
251599.9999,4.04e-06,sell
251699.9999,4.02e-06,sell
251799.9999,4.02e-06,sell
251829.09,0.000189,sell
251899.9999,4.02e-06,sell
251900.0,0.00503938,sell
251999.9999,4.02e-06,sell
252000.0,0.00467963,sell
252099.9999,4.02e-06,sell
252199.9999,4.02e-06,sell
252299.9999,4.02e-06,sell
252399.9999,4.02e-06,sell
252499.9999,4.02e-06,sell
252500.0,6.3e-05,sell
252599.9999,4.02e-06,sell
252699.9999,4.02e-06,sell
252739.8,0.0002,sell
252799.9999,4.02e-06,sell
252850.0,0.03988001,sell
252899.9999,4.02e-06,sell
252999.9999,4e-06,sell
253000.0,0.0503413,sell
253099.9999,4e-06,sell
253199.9999,4e-06,sell
253299.9999,4e-06,sell
253333.33,0.04,sell
253399.9999,4e-06,sell
253499.9999,4e-06,sell
253599.9999,4e-06,sell
253699.9999,4e-06,sell
253799.9999,4e-06,sell
253899.9999,4e-06,sell
253999.9999,4e-06,sell
254000.0,5e-06,sell
254099.9999,4e-06,sell
254199.9999,3.98e-06,sell
254299.9999,3.98e-06,sell
254346.28,4.576e-05,sell
254367.89,0.00016093,sell
254399.9999,3.98e-06,sell
254499.9999,3.98e-06,sell
254599.9999,3.98e-06,sell
254699.9999,3.98e-06,sell
254799.9999,3.98e-06,sell
254899.9999,3.98e-06,sell
254987.65,0.0019,sell
254998.0,0.003,sell
254999.9999,3.98e-06,sell
255000.0,0.31300092,sell
255099.9999,3.98e-06,sell
255199.9999,3.98e-06,sell
255299.9999,3.98e-06,sell
255333.33,0.00059477,sell
255399.9999,3.98e-06,sell
255465.32,0.00043283,sell
255499.9999,3.98e-06,sell
255555.55,0.23993753,sell
255599.9999,3.98e-06,sell
255690.0,0.0097396,sell
255699.9999,3.98e-06,sell
255799.9999,3.98e-06,sell
255830.1,0.00014514,sell
255899.9999,3.98e-06,sell
255999.9999,0.00047405,sell
256000.0,0.01376901,sell
256099.9999,3.96e-06,sell
256199.9999,3.96e-06,sell
256299.9999,3.96e-06,sell
256399.9999,3.96e-06,sell
256499.9999,3.96e-06,sell
256587.0,0.0001,sell
256599.9999,3.94e-06,sell
256699.9999,3.94e-06,sell
256799.9999,3.94e-06,sell
256843.44,0.00181908,sell
256899.9999,3.94e-06,sell
256999.9999,3.94e-06,sell
257000.0,0.070005,sell
257099.9999,3.94e-06,sell
257199.9999,3.94e-06,sell
257299.9999,3.94e-06,sell
257345.86,0.0001,sell
257399.9999,3.94e-06,sell
257499.9999,3.94e-06,sell
257599.9999,3.94e-06,sell
257699.9999,3.94e-06,sell
257799.9999,3.94e-06,sell
257853.62,0.0065,sell
257893.44,0.00188734,sell
257899.5,0.0001,sell
257899.9999,3.94e-06,sell
257999.9999,3.94e-06,sell
258000.0,0.00844688,sell
258099.9999,3.92e-06,sell
258199.9999,3.92e-06,sell
258299.9999,3.92e-06,sell
258399.9999,3.92e-06,sell
258499.9999,3.92e-06,sell
258599.9999,3.92e-06,sell
258623.0,0.01050854,sell
258656.66,0.008,sell
258699.9999,3.92e-06,sell
258799.9999,3.92e-06,sell
258899.9999,3.92e-06,sell
258900.0,0.0005,sell
258998.0,0.003,sell
258999.9999,3.92e-06,sell
259000.0,0.21148202,sell
259099.9999,3.92e-06,sell
259199.0,0.00022894,sell
259199.9999,3.92e-06,sell
259299.9999,3.92e-06,sell
259399.9999,3.92e-06,sell
259499.9999,3.9e-06,sell
259599.9999,3.9e-06,sell
259600.0,0.00396551,sell
259699.9999,3.9e-06,sell
259799.9999,3.9e-06,sell
259899.9999,3.9e-06,sell
259900.0,0.001,sell
259999.9999,3.9e-06,sell
260000.0,0.5704461,sell
260000.08,0.0002886,sell
260099.9999,3.9e-06,sell
260199.9999,3.9e-06,sell
260299.9999,3.9e-06,sell
260399.9999,3.9e-06,sell
260499.9999,3.9e-06,sell
260500.01,0.00017931,sell
260599.9999,3.9e-06,sell
260699.9999,3.9e-06,sell
260799.9999,3.9e-06,sell
260800.0,0.0007495,sell
260899.9999,7.76e-06,sell
260999.9999,3.88e-06,sell
261000.0,0.11167546,sell
261099.9999,3.88e-06,sell
261199.9999,3.88e-06,sell
261299.9999,3.88e-06,sell
261399.9999,3.88e-06,sell
261499.9999,3.88e-06,sell
261589.9999,0.0001,sell
261599.9999,3.88e-06,sell
261699.9999,3.88e-06,sell
261799.9999,3.88e-06,sell
261899.9999,3.88e-06,sell
261999.9999,3.88e-06,sell
262000.0,7.72e-06,sell
262099.9999,3.86e-06,sell
262199.9999,3.86e-06,sell
262299.9999,3.86e-06,sell
262399.9999,3.86e-06,sell
262499.9999,3.86e-06,sell
262599.9999,3.86e-06,sell
262699.9999,3.86e-06,sell
262750.84,0.00255,sell
262799.9999,3.86e-06,sell
262877.0,0.003,sell
262899.9999,3.86e-06,sell
262999.9999,3.86e-06,sell
263000.0,5e-06,sell
263099.9999,3.86e-06,sell
263199.9999,3.86e-06,sell
263299.9999,3.86e-06,sell
263399.9999,3.86e-06,sell
263499.9999,3.84e-06,sell
263599.9999,3.84e-06,sell
263600.0,0.00015281,sell
263699.9999,3.84e-06,sell
263799.9999,3.84e-06,sell
263899.9999,3.84e-06,sell
263900.0,0.32,sell
263999.9999,3.84e-06,sell
264000.0,5e-06,sell
264099.9999,3.84e-06,sell
264199.9999,3.84e-06,sell
264299.9999,3.84e-06,sell
264399.9999,3.84e-06,sell
264499.9999,3.84e-06,sell
264599.9999,3.84e-06,sell
264699.9999,3.84e-06,sell
264799.9999,3.84e-06,sell
264899.9999,3.82e-06,sell
264960.0,0.0029,sell
264998.0,0.003,sell
264999.9999,3.82e-06,sell
265000.0,0.05540234,sell
265000.88,5.65e-06,sell
265099.9999,3.82e-06,sell
265149.1487,0.00047593,sell
265199.9999,3.82e-06,sell
265299.9999,3.82e-06,sell
265399.9999,3.82e-06,sell
265499.9999,3.82e-06,sell
265572.66,0.008226,sell
265599.9999,3.82e-06,sell
265680.0,0.01,sell
265699.9999,3.82e-06,sell
265799.9999,3.82e-06,sell
265851.45,0.00196018,sell
265899.9999,3.82e-06,sell
265999.99,0.00030012,sell
265999.9999,3.82e-06,sell
266000.0,0.05216319,sell
266022.0,4.015e-05,sell
266099.9999,3.82e-06,sell
266156.0,0.00038535,sell
266199.9999,3.82e-06,sell
266299.9999,3.8e-06,sell
266333.0,0.49172285,sell
266340.0,0.0039,sell
266399.9999,3.8e-06,sell
266421.99,4.603e-05,sell
266499.9999,3.8e-06,sell
266599.9999,3.8e-06,sell
266699.9999,3.8e-06,sell
266799.9999,3.8e-06,sell
266899.9999,3.8e-06,sell
266999.9999,3.8e-06,sell
267000.0,0.01319955,sell
267099.9999,3.8e-06,sell
267199.9999,3.8e-06,sell
267299.9999,3.8e-06,sell
267399.9999,3.8e-06,sell
267499.9999,3.8e-06,sell
267599.9999,3.8e-06,sell
267699.9999,3.8e-06,sell
267799.9999,3.8e-06,sell
267899.9999,3.8e-06,sell
267967.78581,0.13604961,sell
267999.9999,3.8e-06,sell
268000.0,0.06697075,sell
268003.0,0.00018642,sell
268056.49,0.00404034,sell
268099.9999,3.8e-06,sell
268100.0,0.0009353,sell
268150.0,2e-05,sell
268199.9999,3.8e-06,sell
268299.9999,3.8e-06,sell
268399.9999,3.8e-06,sell
268499.9999,3.8e-06,sell
268500.0,0.0002,sell
268599.9999,3.8e-06,sell
268699.9999,3.77e-06,sell
268710.58,0.00320717,sell
268749.28,0.00102547,sell
268794.11,0.00258448,sell
268799.9999,3.77e-06,sell
268865.41,0.0002,sell
268899.9999,3.77e-06,sell
268998.0,0.003,sell
268999.9999,3.77e-06,sell
269000.0,0.00674832,sell
269099.9999,3.76e-06,sell
269135.26,0.00167049,sell
269199.9999,3.76e-06,sell
269299.9999,3.76e-06,sell
269399.9999,3.76e-06,sell
269499.9999,3.76e-06,sell
269599.9999,3.76e-06,sell
269699.9999,3.76e-06,sell
269700.0,0.00037088,sell
269799.9999,3.75e-06,sell
269852.3,0.01452829,sell
269899.0,0.0001,sell
269899.9999,3.75e-06,sell
269979.99,0.00328195,sell
269999.9999,3.75e-06,sell
270000.0,0.05192699,sell
270000.08,4.135e-05,sell
270099.9999,3.75e-06,sell
270126.45,0.00370197,sell
270199.9999,3.75e-06,sell
207100.0,0.0534,buy
206770.77,0.04494121,buy
206768.00405348,0.0054,buy
206732.73979328,0.07255745,buy
206694.37,0.00027494,buy
206673.48913798,0.0268,buy
206537.01,0.19010298,buy
206537.0,0.328,buy
206323.0,0.499,buy
206318.0,0.328,buy
205678.0,0.00133465,buy
205595.03032479,0.09905,buy
205594.28032479,0.54926647,buy
205594.2757,0.366,buy
205592.0,1.668,buy
205000.0,0.01443765,buy
204998.0,7e-06,buy
204900.0,1.595e-05,buy
204886.0,8e-06,buy
204800.0,0.01494194,buy
204774.0,9e-06,buy
204700.0,7.76e-06,buy
204661.0,1e-05,buy
204600.0,2.746e-05,buy
204578.0,0.0018366,buy
204542.0,3.92e-06,buy
204463.0,3.92e-06,buy
204379.0,1.012,buy
204357.97,0.00077,buy
204326.14,3.92e-06,buy
204300.0,0.055,buy
204214.35,3.92e-06,buy
204103.28,3.92e-06,buy
204057.17,3.93e-06,buy
204000.0,0.00032011,buy
203745.0,0.00183695,buy
203600.0,2.8e-05,buy
203555.55,0.00289886,buy
203340.0,0.00012,buy
203210.15399843,0.00058845,buy
203000.0,0.00960852,buy
202740.0,0.0045,buy
202392.0,0.687,buy
202281.09,0.001,buy
202000.1,0.00025158,buy
202000.0,0.02039866,buy
201997.77,0.00024752,buy
201501.0,0.003,buy
201500.0,2e-05,buy
201000.0,0.09760894,buy
200708.66,0.00336243,buy
200500.0,0.00015222,buy
200300.0,0.328,buy
200032.0,0.0112435,buy
200001.11,0.004,buy
200001.08,0.0075,buy
200000.02,0.02485194,buy
200000.01,0.1,buy
200000.0001,0.0001,buy
200000.0,1.21565907,buy
199999.99,0.01948743,buy
199999.13,0.0121029,buy
199999.0,0.01193378,buy
199997.0,7.5e-05,buy
199985.31,0.00037502,buy
199900.0001,0.0001,buy
199900.0,0.00145072,buy
199859.0,0.0004,buy
199808.55,0.00250239,buy
199803.41,1.666e-05,buy
199800.0001,0.0001,buy
199800.0,0.09134909,buy
199777.16,0.0006,buy
199720.0,0.00148708,buy
199700.0001,0.0001,buy
199658.96,0.001,buy
199603.41,1.666e-05,buy
199600.0001,0.0001,buy
199500.0001,0.0001,buy
199457.85,0.00327552,buy
199403.41,1.666e-05,buy
199400.0001,0.0001,buy
199205.0,1.03e-05,buy
199203.41,1.666e-05,buy
199100.0,0.0050226,buy
199003.41,1.666e-05,buy
199000.07,0.00050251,buy
199000.0,0.97991121,buy
198913.0,0.02508644,buy
198803.41,1.666e-05,buy
198800.0,0.00251509,buy
198769.4604,3.069e-05,buy
198638.86,6.3e-05,buy
198603.41,1.666e-05,buy
198577.01,1.75711956,buy
198441.6467,0.00040769,buy
198403.41,1.666e-05,buy
198203.41,1.666e-05,buy
198200.0,0.00051,buy
198003.41,1.666e-05,buy
198000.0,0.21094889,buy
197900.0,0.00195401,buy
197859.0,0.0004,buy
197803.41,1.666e-05,buy
197700.0,0.01532574,buy
197688.0,0.00152,buy
197603.41,1.666e-05,buy
197572.13,0.0003,buy
197534.33,0.0003624,buy
197530.0,0.00142484,buy
197510.77,0.11598382,buy
197500.0,0.0381519,buy
197403.41,1.666e-05,buy
197205.0,1.04e-05,buy
197203.41,1.666e-05,buy
197125.30298594,0.0066582,buy
197101.0,0.01,buy
197100.0,0.002,buy
197003.41,1.666e-05,buy
197000.0,0.00458356,buy
196921.77,1.777e-05,buy
196850.0,0.0034365,buy
196730.89655551,0.00068621,buy
196721.77,1.777e-05,buy
196521.77,1.777e-05,buy
196500.0,0.00025073,buy
196400.0,0.052,buy
196321.77,1.777e-05,buy
196121.77,1.777e-05,buy
196096.96,0.01047446,buy
196000.0,0.02605392,buy
195921.77,1.777e-05,buy
195800.0,0.0007691,buy
195721.77,1.777e-05,buy
195700.0,0.02554931,buy
195600.0,0.0010225,buy
195521.77,1.777e-05,buy
195405.0,0.01308011,buy
195321.77,1.777e-05,buy
195205.0,1.06e-05,buy
195200.0,0.008634,buy
195121.77,1.777e-05,buy
195001.0,0.00512764,buy
195000.0,0.52579176,buy
194921.77,1.777e-05,buy
194898.0458,0.00067164,buy
194872.02,3.233e-05,buy
194721.77,1.777e-05,buy
194559.0,0.0006,buy
194521.77,1.777e-05,buy
194500.0,0.0012857,buy
194402.99,0.00807018,buy
194321.77,1.777e-05,buy
194300.81,0.00766852,buy
194121.77,1.777e-05,buy
194119.0,0.00055723,buy
194100.0,0.002,buy
194031.0,0.00025506,buy
194003.57,0.00043988,buy
194000.0,0.01611989,buy
193921.77,1.777e-05,buy
193721.77,1.777e-05,buy
193635.0,0.00191296,buy
193521.77,1.777e-05,buy
193325.76,0.25863082,buy
193321.77,1.777e-05,buy
193205.0,1.07e-05,buy
193121.77,1.777e-05,buy
193050.52,4.608e-05,buy
193000.0,0.06142139,buy
192921.77,1.777e-05,buy
192850.0,0.00051853,buy
192800.0,0.001,buy
192790.0,0.00025133,buy
192721.77,1.777e-05,buy
192693.43,0.11888339,buy
192521.77,1.777e-05,buy
192321.77,1.777e-05,buy
192121.77,1.777e-05,buy
192000.0,0.00646927,buy
191921.77,1.777e-05,buy
191790.0,0.445,buy
191721.77,1.777e-05,buy
191521.77,1.777e-05,buy
191354.445,0.00110686,buy
191321.77,1.777e-05,buy
191205.0,1.08e-05,buy
191150.0,0.0013,buy
191051.0,3.141e-05,buy
191011.11,0.00128934,buy
191007.0,0.01,buy
191001.01,0.025,buy
191000.0,0.02205209,buy
190599.0,0.01095021,buy
190562.0,0.00711589,buy
190100.0,0.00157812,buy
190030.0,0.00026312,buy
190001.0,0.00061494,buy
190000.07,0.02084388,buy
190000.0,0.31872453,buy
189999.9988,0.05651721,buy
189816.41,5.347e-05,buy
189665.66,0.00039675,buy
189575.0,5e-05,buy
189500.0,0.0106,buy
189205.0,1.09e-05,buy
189150.0,0.0011,buy
189001.01,0.00011074,buy
189000.0,0.05842613,buy
188969.0,0.00201,buy
188792.0,0.00027042,buy
188500.0,0.00265246,buy
188459.99991234,0.00331635,buy
188100.0,0.0029885,buy
188000.0,0.00361117,buy
187993.59,0.12185544,buy
187800.0,0.005,buy
187500.0,0.02560787,buy
187395.0,0.000534,buy
187330.0,0.004,buy
187205.0,1.11e-05,buy
187152.0,3.206e-05,buy
187000.0,0.01191251,buy
186765.00700024,0.00527066,buy
186532.0,0.013097,buy
186500.0,0.03186863,buy
186380.0,0.00161,buy
186205.0,1.12e-05,buy
186007.0,0.00861653,buy
186000.0,0.01409431,buy
185843.5,0.0046693,buy
185790.0,0.00026629,buy
185500.0,5.894e-05,buy
185278.0,0.00010601,buy
185085.85,0.00526842,buy
185000.0,0.21638479,buy
184600.0,0.00366455,buy
184592.0,0.00027087,buy
184500.0,0.010031,buy
184402.0,0.005,buy
184050.0,0.00281472,buy
184001.0,0.00030059,buy
184000.0,0.00795194,buy
183800.0,0.01785146,buy
183752.0,0.00020652,buy
183693.69,0.00499897,buy
183500.0,0.14805443,buy
183408.38,0.1249018,buy
183253.0,3.274e-05,buy
183205.0,1.14e-05,buy
183186.26,6e-05,buy
183150.0,0.0011,buy
183000.0,0.04162717,buy
182689.0,0.00027369,buy
182422.22,0.02083249,buy
182271.01,0.00031392,buy
182100.0,0.033,buy
182033.72,1e-05,buy
182001.11,0.00225127,buy
182000.0,0.34383887,buy
181910.0,0.0006,buy
181500.0,0.001325,buy
181234.56,0.0334,buy
181205.0,1.2e-05,buy
181100.0,0.00373537,buy
181062.9,0.0102,buy
181033.72,1e-05,buy
181007.0,0.01,buy
181000.0,0.07860749,buy
180832.22,0.00105672,buy
180543.21,0.035,buy
180185.0,0.00028041,buy
180130.0,0.11103093,buy
180115.0,0.00015,buy
180100.1,0.01103325,buy
180100.0,0.00320932,buy
180077.77,0.00087777,buy
180070.56999057,0.00014975,buy
180033.72,1e-05,buy
180000.01,0.00010766,buy
180000.0,0.46994159,buy
179835.0,0.02013562,buy
179354.0,3.345e-05,buy
179231.0,0.00278969,buy
179205.0,1.21e-05,buy
179033.72,1e-05,buy
179008.05,0.04288533,buy
179000.0,0.1802,buy
178935.01,0.12802431,buy
178920.0,0.11178181,buy
178900.0,0.0004285,buy
178123.45,0.035,buy
178100.0,0.00076215,buy
178033.72,1e-05,buy
178000.0,0.32808982,buy
177700.0,0.051,buy
177493.01,0.001,buy
177453.0,0.00029066,buy
177377.01,0.01127028,buy
177205.0,1.22e-05,buy
177071.01,0.01129495,buy
177033.72,1e-05,buy
177000.88,0.00183987,buy
177000.0,0.0007,buy
176810.0,0.11311578,buy
176680.01,0.0169799,buy
176625.0,0.00027442,buy
176600.0,0.00383055,buy
176425.01,0.00566818,buy
176232.0,0.005799,buy
176037.01,0.01136,buy
176000.11,0.04278628,buy
176000.0,0.00446674,buy
175951.0,0.0036,buy
175900.0,0.02558277,buy
175651.0,0.00028175,buy
175455.0,3.42e-05,buy
175306.37734965,0.00032999,buy
175250.0,0.00033534,buy
175205.0,1.24e-05,buy
175175.0,0.01560245,buy
175078.70016202,0.00018614,buy
175000.0,0.56971079,buy
174910.34,0.00114338,buy
174600.0,0.00628068,buy
174570.74,0.13122489,buy
174500.0,0.005,buy
174102.01,0.00574381,buy
174060.25,0.1149,buy
174000.0,0.00625,buy
173970.0,0.00435098,buy
173841.0,0.00028762,buy
173592.0,0.00187468,buy
173397.26,0.0006,buy
173304.07,0.0009,buy
173205.0,1.26e-05,buy
173033.72,1e-05,buy
173000.0,0.05892966,buy
172562.8,0.00677344,buy
172500.01,0.00579715,buy
172352.12,0.03829369,buy
172300.0,0.0031105,buy
172222.2222,0.00444444,buy
172050.01,0.0058123,buy
172033.72,1e-05,buy
172001.11,0.04934328,buy
172000.0,0.0425508,buy
171900.01,0.0029032,buy
171820.0,0.028,buy
171719.6,0.0202,buy
171492.59,1e-05,buy
171205.0,1.28e-05,buy
171100.0,0.03712513,buy
171033.72,1e-05,buy
171000.01,0.0012,buy
171000.0,0.02998772,buy
170970.01,0.005849,buy
170890.0,0.00029259,buy
170850.0,0.0025,buy
170845.0,0.0042,buy
170501.0,0.0058651,buy
170492.59,1e-05,buy
170312.91,0.13450547,buy
170270.01,0.00587308,buy
170200.0,0.00026674,buy
170167.0,0.00236021,buy
170100.0,0.015,buy
170000.0,0.41497678,buy
169999.0,0.00022923,buy
169800.0,0.002953,buy
169747.93,0.00295025,buy
169720.0,5.9e-05,buy
169700.5,0.00202,buy
169581.96,0.00066021,buy
169570.01,0.0058973,buy
169551.0,0.00636918,buy
169500.05,0.0005074,buy
169492.59,1e-05,buy
169311.0,0.00029531,buy
169205.0,1.31e-05,buy
169100.0,0.003,buy
169033.72,1.224e-05,buy
169002.01,0.00591714,buy
169000.0,0.0529532,buy
168633.99,0.00316881,buy
168603.11,0.03,buy
168500.0,0.004,buy
168492.59,1e-05,buy
168205.0,1.32e-05,buy
168112.5,0.0019,buy
168000.0,0.1780757,buy
167903.11,0.03,buy
167575.14,0.0056691,buy
167500.0,0.0005971,buy
167492.59,1e-05,buy
167205.0,1.34e-05,buy
167112.5,0.0019,buy
167000.0,7e-05,buy
166901.0,0.04,buy
166500.0,0.00377774,buy
166492.59,1.1e-05,buy
166331.51,0.00355669,buy
166205.0,1.36e-05,buy
166158.94,0.13786808,buy
166112.5,0.0019,buy
166000.0,0.0338959,buy
165900.0,0.0299,buy
165700.0,2.987e-05,buy
165492.59,1.1e-05,buy
165311.56,0.003,buy
165205.0,1.38e-05,buy
165112.5,0.0019,buy
165000.0,0.76120229,buy
164492.59,1.1e-05,buy
164475.0,0.00307025,buy
164205.0,1.41e-05,buy
164112.5,0.0019,buy
164000.0,0.03842804,buy
163501.0,0.00306515,buy
163492.59,1.1e-05,buy
163333.0,0.000307,buy
163218.91,0.00271433,buy
163205.0,1.42e-05,buy
163200.0,0.00079234,buy
163112.5,0.0019,buy
163085.2,0.00013066,buy
163000.0,0.0307,buy
162555.0,0.005,buy
162492.59,1.1e-05,buy
162360.0,0.04,buy
162205.0,1.43e-05,buy
162193.96,3.019e-05,buy
162112.5,0.0019,buy
162106.28,0.14131474,buy
162000.0,0.03673858,buy
161917.77,0.00276893,buy
161492.59,1.1e-05,buy
161233.02,0.00031011,buy
161205.0,1.44e-05,buy
161112.5,0.0019,buy
161000.0,0.02,buy
160764.03,0.00203671,buy
160500.0,0.03,buy
160492.59,1.1e-05,buy
160205.0,1.45e-05,buy
160112.5,0.0026,buy
160000.0,1.17236446,buy
159999.99,0.003,buy
159839.44,0.0011387,buy
159492.59,1.2e-05,buy
159212.08,0.0449,buy
159022.41,0.004,buy
158900.12,0.000228,buy
158492.59,1.21e-05,buy
158152.47,0.14484758,buy
158112.5,0.0026,buy
158032.0,0.00662049,buy
158000.03,0.003,buy
158000.0,0.00193733,buy
157492.59,1.22e-05,buy
157443.71,0.00031757,buy
156999.88,0.02547773,buy
156877.61,0.00266666,buy
156492.59,1.23e-05,buy
156112.5,0.0026,buy
156105.6,0.014039,buy
156000.0,0.00109576,buy
155800.0,0.0011446,buy
155601.34,0.02879285,buy
155555.0,0.0055,buy
155492.59,1.24e-05,buy
155400.0,0.02315283,buy
155366.21,0.02254839,buy
155201.0,0.00645351,buy
155000.0,0.12274682,buy
154903.26,0.00032278,buy
154800.0,0.18,buy
154492.59,1.25e-05,buy
154112.5,0.0026,buy
154000.0,0.00033798,buy
153859.65,5.206e-05,buy
153492.59,1.26e-05,buy
153423.0,0.00106704,buy
153300.0,0.00101312,buy
153100.0,0.006532,buy
152857.29,0.0003271,buy
152725.5,0.00485323,buy
152555.0,2.50499623,buy
152536.85,0.01356526,buy
152497.03,0.027692,buy
152492.59,1.27e-05,buy
152243.15,0.00032842,buy
152120.0,0.0013204,buy
152112.5,0.0026,buy
152000.0,0.04324111,buy
151777.77,0.015,buy
151500.0,0.10198019,buy
151492.59,1.28e-05,buy
151345.0,0.0014,buy
151292.53,0.00033048,buy
151165.37,1.323e-05,buy
151123.0,0.00343759,buy
151112.5,0.0026,buy
151000.0,0.01842397,buy
150800.0,0.06496744,buy
150492.59,1.29e-05,buy
150467.9,0.00147704,buy
150112.5,0.0026,buy
150001.0,0.00255,buy
150000.06,0.00145093,buy
150000.0,0.73376339,buy
149999.99,0.004,buy
149909.99,0.02120699,buy
149492.59,2.281e-05,buy
148232.0,0.01438798,buy
148112.5,0.0026,buy
148100.0,0.00102406,buy
148001.0,0.00049087,buy
148000.0,0.10817308,buy
147722.76,0.024871,buy
147205.0,0.00015,buy
147000.0,0.00613245,buy
146112.5,0.0026,buy
146000.0,0.00231764,buy
145954.22868088,0.00672642,buy
145725.99,0.00386231,buy
145501.0,0.00343934,buy
145500.0,0.00141213,buy
145152.1,0.00022985,buy
145030.0,0.01,buy
145003.33,0.01003333,buy
145000.01,0.00394565,buy
145000.0,0.06834397,buy
144398.0,0.00410217,buy
144300.0,0.0001546,buy
144151.11,0.00011,buy
144112.5,0.0026,buy
144000.0,0.00501112,buy
143500.0,0.02375491,buy
143158.53,0.018876,buy
143053.86,0.018902,buy
143000.0,0.0028112,buy
142905.52,0.01867749,buy
142900.0,0.00102856,buy
142150.0,0.00576721,buy
142112.5,0.0026,buy
142069.21,0.01556,buy
142000.0,0.0053857,buy
141771.13,0.00040339,buy
141500.0,0.00311074,buy
141300.0,0.15,buy
141112.5,0.0026,buy
141000.0,0.00011806,buy
140900.0,0.00702036,buy
140867.47,0.00070995,buy
140800.0,0.00071022,buy
140799.99,0.06430874,buy
140555.0,0.0057,buy
140500.0,0.009,buy
140300.0,0.01036871,buy
140112.5,0.0026,buy
140100.0,0.04053411,buy
140000.01,0.004,buy
140000.0,0.18808515,buy
139501.088,0.00730187,buy
139344.94,0.00596112,buy
139001.022,0.00310432,buy
139000.0,0.00084388,buy
138500.0,0.00421835,buy
138112.5,0.0025,buy
138000.0,0.03206789,buy
137700.0,0.0010298,buy
137500.0,0.00295221,buy
137450.0,1.586e-05,buy
137000.0,0.00380586,buy
136900.0,0.015,buy
136782.45,0.00037014,buy
136640.0,0.0003659,buy
136112.5,0.0028,buy
136000.0,0.04882463,buy
135451.15,0.000793,buy
135160.65,0.0001,buy
135155.0,0.01266561,buy
135100.0,0.00204154,buy
135000.01,0.00257629,buy
135000.0,0.39147918,buy
134333.3333,0.00444444,buy
134112.5,0.0028,buy
134000.0,0.006112,buy
133734.04482887,0.00822528,buy
133333.33,7.177e-05,buy
133245.58,0.0017605,buy
133016.56,0.00375953,buy
133000.0,0.00228819,buy
132849.24,0.00072819,buy
132500.0,0.0010302,buy
132222.2222,0.008,buy
132194.0,0.0212995,buy
132112.5,0.0028,buy
132000.0,0.00727784,buy
131332.07553703,0.00010624,buy
131250.0,0.0096486,buy
131112.5,0.0028,buy
131033.33,0.00207346,buy
131000.0,0.00244528,buy
130860.0,0.0002,buy
130483.97,0.00586079,buy
130222.2222,0.008,buy
130114.0,0.01483715,buy
130112.5,0.0028,buy
130030.0,0.00057878,buy
130000.01,0.012,buy
130000.0,0.92791556,buy
129999.99,0.03359999,buy
129900.0,0.0010415,buy
129500.0,0.007,buy
129320.0,0.02150162,buy
129291.65,0.006,buy
129111.11,0.0044,buy
129000.0,0.00249216,buy
128862.12,1.063e-05,buy
128222.2222,0.008,buy
128205.0,0.0141,buy
128125.0,0.0034,buy
128124.37,0.00039024,buy
128112.5,0.0028,buy
128079.78,8.682e-05,buy
128000.0,0.01853288,buy
127500.0,0.0011764,buy
127300.0,0.00103214,buy
127249.28,0.00078585,buy
127000.0,0.05493059,buy
126818.3,0.00039426,buy
126800.0,0.00108588,buy
126200.0,0.005,buy
126112.5,0.0028,buy
126100.0,0.07930215,buy
126038.7,0.005,buy
126000.0,0.0001191,buy
125515.0,0.002351,buy
125500.0,0.00359231,buy
125425.0,0.04106462,buy
125368.09,2.369e-05,buy
125100.0,0.00079936,buy
125012.3,0.079,buy
125000.07,0.004,buy
125000.01,0.005,buy
125000.0,0.14938728,buy
124999.99,0.00059,buy
124800.0,0.00541634,buy
124700.0,0.00106272,buy
124580.9,0.00217633,buy
124505.0,0.005,buy
124500.0,0.00240963,buy
124428.0,0.000555,buy
124243.997,0.0028199,buy
124200.0,0.0468888,buy
124124.0,8.064e-05,buy
124112.5,0.0028,buy
124080.0,1.21330601,buy
124000.0,0.01525801,buy
123900.0,0.12280233,buy
123799.0,0.00130413,buy
123555.55,0.00096448,buy
123532.18,0.0026,buy
123356.87,0.00011632,buy
123000.0,0.02266047,buy
122812.0,0.27802315,buy
122550.0,0.00293684,buy
122501.11,0.00303548,buy
122500.0,0.00195118,buy
122397.0,0.003,buy
122353.45,0.00049692,buy
122112.5,0.0032,buy
122100.0,0.00362109,buy
122043.0,0.01008,buy
122030.0,0.00081947,buy
122000.0,0.01023514,buy
121800.0,0.21009149,buy
121454.09,0.004,buy
121450.0,0.00041612,buy
121112.5,0.0032,buy
121100.0,0.0011,buy
121037.0,0.0001,buy
121000.0,0.00279695,buy
120681.11,0.00121406,buy
120500.0,0.00264918,buy
120400.01,0.00193626,buy
120240.4,0.00164478,buy
120120.0,0.0108,buy
120112.5,0.0032,buy
120054.079,0.0029199,buy
120000.01,0.0054,buy
120000.0,0.1863798,buy
119999.99,0.008,buy
119853.1254,0.00012459,buy
119525.13,0.004298,buy
119500.0,5e-05,buy
119112.5,0.0032,buy
119058.0,0.1,buy
119030.0,0.00054,buy
119000.0,9.7e-06,buy
118551.0,0.00529856,buy
118200.0,0.00065076,buy
118112.5,0.0032,buy
118000.0,9.9e-06,buy
117931.32,0.0008,buy
117726.17,0.01259821,buy
117687.33,0.00118398,buy
117233.23,0.00489332,buy
117112.5,0.0032,buy
117106.0,0.00213489,buy
117030.0,0.00053584,buy
117000.0,0.00575898,buy
116900.0,0.00102618,buy
116112.5,0.0032,buy
116000.0,0.0010103,buy
115800.0,1.111e-05,buy
115500.0,4.233e-05,buy
115230.0,0.24,buy
115112.5,0.0032,buy
115030.0,0.0005,buy
115010.0,0.0077,buy
115005.11,0.00212121,buy
115000.08,1.05e-05,buy
115000.01,0.00043034,buy
115000.0,0.16245925,buy
114310.00135,0.0013,buy
114112.5,0.0032,buy
114000.0,0.00531264,buy
113769.0,0.0001,buy
113112.5,0.0009,buy
113030.0,0.000505,buy
113000.88,1e-05,buy
113000.0,0.01035542,buy
112500.0,0.0045,buy
112112.5,0.0012,buy
112005.0,0.005,buy
112000.0,0.0189113,buy
111996.0,0.0068502,buy
111700.0,0.00102794,buy
111600.0,1e-05,buy
111030.0,0.00056011,buy
111000.0,1.16e-05,buy
110000.0,0.08821923,buy
109999.99,0.01021418,buy
109832.81,0.0007,buy
109000.0,0.00895034,buy
108000.0,1.22e-05,buy
107850.0,0.004,buy
107000.0,0.00122865,buy
106500.0,0.0010295,buy
106000.0,0.00934909,buy
105000.0,0.19819364,buy
104300.0,1e-05,buy
104000.0,1.265e-05,buy
103444.44,4.388e-05,buy
103000.0,0.03992732,buy
102980.0,0.3,buy
102512.0,0.00217525,buy
102000.0,0.00029245,buy
101000.0,0.00240611,buy
100190.22,0.03498804,buy
100095.0,0.0095,buy
100000.0,0.57785089,buy
99000.0,0.03302473,buy
98991.0023,0.00261538,buy
98560.0,0.003,buy
98556.53,0.00101464,buy
98149.0,0.003,buy
98000.0,0.00511,buy
97000.0,2.381e-05,buy
96500.0,0.0105,buy
96000.0,0.05072,buy
95600.0,0.0095,buy
95300.0,0.00120409,buy
95126.17,0.00031989,buy
95000.0,0.00034484,buy
94550.0,0.00705,buy
93878.0,0.008472,buy
93000.0,0.00099999,buy
92000.0,8.7e-05,buy
91000.0,0.00099999,buy
90900.0,0.06507755,buy
90800.43,0.007,buy
90000.0,0.13969399,buy
89990.0,0.00066674,buy
89201.73,0.00124212,buy
89000.0,0.0348965,buy
88990.0,0.0016856,buy
88000.0,0.0199985,buy
87750.0,0.00057,buy
87587.57,0.00017331,buy
87500.0,0.04470975,buy
86760.0,0.00289,buy
86590.17,0.00123564,buy
86200.0,0.000231,buy
86100.0,0.03,buy
86000.0,0.04360755,buy
85751.99,0.00583076,buy
85687.38229755,0.00011682,buy
85600.0,0.00024848,buy
85516.39,0.0015,buy
85085.85,0.00013739,buy
85000.0,0.05599217,buy
84500.0,0.4,buy
84000.0,0.00933186,buy
83979.62,0.00012288,buy
83300.0,0.015,buy
83000.0,0.00021855,buy
82550.0,0.00013,buy
82250.0,0.00152243,buy
82200.0,0.015,buy
82188.0,0.00637355,buy
82100.0,0.015,buy
82089.8,0.0425503,buy
82000.0,0.02710768,buy
81900.0,0.015,buy
81500.0,0.00164245,buy
81200.0,0.1231,buy
81100.0,0.005,buy
81000.0,0.00127901,buy
80777.77,0.00057771,buy
80222.0,0.003,buy
80150.0,0.4040902,buy
80000.1,0.00874998,buy
80000.0,0.15018794,buy
79500.0,0.01155534,buy
78500.0,0.00763363,buy
77000.0,0.12992571,buy
76582.01,0.00128385,buy
76200.0,0.00074304,buy
76100.0,0.00262812,buy
76000.0,0.000658,buy
75760.0,0.00659979,buy
75000.0,0.11850082,buy
74000.0,0.00143364,buy
73805.0,0.0575152,buy
73500.13,0.00236194,buy
73000.0,0.0137,buy
72001.0,0.00194,buy
72000.0,0.001389,buy
71546.23,0.0027954,buy
71402.0,2.222e-05,buy
71200.0,0.0007163,buy
71000.0,0.09521126,buy
70065.98,0.0009,buy
70011.0,0.00071417,buy
70000.0,0.28892908,buy
69100.0,0.0015,buy
69000.0,0.01555941,buy
68900.0,0.01573613,buy
68862.21,0.002,buy
68542.23,0.0014413,buy
68500.0,2.222e-05,buy
67250.0,0.0035,buy
67000.0,2.222e-05,buy
66500.0,0.0005,buy
65500.0,0.0021055,buy
65400.0,0.00010381,buy
65200.0,0.0001,buy
65001.51,0.00119151,buy
65000.0,0.01304759,buy
64620.67,0.00159193,buy
64000.0,0.04630303,buy
63499.58,0.01163991,buy
63100.0,0.0224,buy
63050.0,2.222e-05,buy
63000.0,0.00153936,buy
62192.48,8.888e-05,buy
62000.0,0.00123387,buy
60500.0,0.00112222,buy
60367.22,0.00035499,buy
60250.28,2.222e-05,buy
60000.0,0.17663565,buy
59000.0,0.07551168,buy
58000.0,0.01769486,buy
57800.0,0.0024,buy
57666.66,0.0014145,buy
57000.0,0.22511947,buy
56000.0,0.00364107,buy
55000.0,0.00314508,buy
54790.0,0.00254699,buy
54700.0,0.1155,buy
54000.0,0.11392796,buy
53900.0,0.0037107,buy
53800.0,0.002,buy
53600.0,0.00537108,buy
52000.0,0.00447462,buy
51500.0,0.006,buy
51213.0,0.00827524,buy
51000.0,0.00141882,buy
50759.0,0.02695793,buy
50700.0,0.00140289,buy
50000.0,1.58410039,buy
49800.0,0.003551,buy
49000.0,0.00665775,buy
48000.0,0.01419753,buy
47999.999,0.00208375,buy
47860.01,0.00211164,buy
47800.0,0.03502222,buy
47700.0,4.444e-05,buy
47000.0,0.11442222,buy
46600.0,2.222e-05,buy
46450.0,0.00207578,buy
46000.0,0.01894913,buy
45903.0,0.00122222,buy
45465.0,0.0626,buy
45200.0,0.0001,buy
45000.0,0.04210666,buy
44850.0,0.00244414,buy
44488.0,0.0626,buy
44000.0,0.0011,buy
43586.17,0.2556,buy
43550.0,0.00477359,buy
42772.2,0.00233329,buy
42450.04,0.00143156,buy
42376.0,0.00117991,buy
42026.01,0.01,buy
42000.0,1.01370292,buy
41234.0,2.222e-05,buy
41000.0,0.25,buy
40680.42,0.25,buy
40500.0,2.222e-05,buy
40100.0,0.05162194,buy
40008.8,0.00432659,buy
40000.0,0.057375,buy
39498.0,0.01543141,buy
39000.0,0.00442682,buy
38000.0,0.00613431,buy
37774.81,0.25002222,buy
37500.0,0.00135555,buy
37000.0,0.0028,buy
36685.0,0.00014444,buy
36600.0,0.00031639,buy
36500.0,0.00142222,buy
36110.0,0.001,buy
36000.0,0.01046582,buy
35984.0,4.444e-05,buy
35714.0,0.0025,buy
35700.0,0.0293,buy
35500.36,0.00219374,buy
35500.01,0.03073463,buy
35000.0,0.15244783,buy
34869.05,0.35802222,buy
34602.0,0.00252222,buy
34600.0,2.222e-05,buy
34477.99,0.00039057,buy
34223.17,0.0039343,buy
34000.0,0.00402222,buy
33100.0,0.02402222,buy
33000.0,2.222e-05,buy
32839.72,0.00960055,buy
32709.97,0.00535004,buy
32500.01,0.00061538,buy
32300.0,0.00191826,buy
32156.0,0.00605499,buy
32000.0,0.00377312,buy
30500.0,2.222e-05,buy
30000.0,0.13487509,buy
29999.99,4.444e-05,buy
29876.76,0.001,buy
29000.0,0.005,buy
28900.0,0.00314755,buy
28500.0,0.00207368,buy
28349.4999,3.784e-05,buy
28000.0,0.01801999,buy
27800.0,0.01242222,buy
27600.0,0.05,buy
27440.0,0.001,buy
27000.0,0.0107,buy
26713.7,0.0054,buy
26545.0,0.05370167,buy
26501.0,0.00115052,buy
26500.0,2.222e-05,buy
26249.9,0.00805641,buy
26000.0,0.00243183,buy
25700.0,0.00085603,buy
25500.0,0.00978039,buy
25100.0,0.001,buy
25000.0,0.12215421,buy
24999.99,0.0002,buy
24943.4,0.0205,buy
24000.0,0.04608333,buy
23500.0,0.02542222,buy
23354.57,0.00593331,buy
23270.0,0.111,buy
23000.0,0.04872222,buy
22900.0,0.02002222,buy
22500.0,0.04,buy
22080.18,0.00457423,buy
22000.0,0.29901136,buy
21500.0,1.08992222,buy
21424.61,6.666e-05,buy
21000.0,0.0415,buy
20940.0,0.00100811,buy
20600.0,2.222e-05,buy
20574.71,0.06824689,buy
20416.01,7e-05,buy
20050.0,0.00254713,buy
